Workbook

Sheet Cash flow
B1: Enter values in the GREY cells only | G1: To Print Cash Flow
B3: PROJECT NAME: | C3: Oryx GTL
B4: CAPITAL APPROVAL DATE | C4: 44652 | E4: Expected RFO date | F4: 45992
B5: CONSTRUCTION TIME (MONTHS) | C5: =(F4-C4)/(365.25/12) -> 44.024641
B6: CAPITAL (EOJ) | C6: 100
C8: 2000 | D8: =1+C8 -> 2001 | E8: =1+D8 -> 2002 | F8: =1+E8 -> 2003 | G8: =1+F8 -> 2004 | H8: =1+G8 -> 2005 | I8: =1+H8 -> 2006 | J8: =1+I8 -> 2007 | K8: =1+J8 -> 2008 | ... AF8: =1+AE8 -> 2029
C9: 99/00 | D9: 00/01 | E9: 01/02 | F9: 02/03 | G9: 03/04 | H9: 04/05 | I9: 05/06 | J9: 06/07 | K9: 07/08 | L9: 08/09 | M9: 09/10 | N9: 10/11 | O9: 11/12 | P9: 12/13 | Q9: 13/14 | R9: 14/15 | S9: 15/16 | T9: 16/17 | U9: 17/18 | V9: 18/19 | W9: 19/20 | X9: 20/21 | Y9: 21/22 | Z9: 22/23 | AA9: 23/24 | AB9: 24/25 | AC9: 25/26 | AD9: 26/27 | AE9: 27/28 | AF9: 28/29
B10: APPROVAL YEAR | C10: =+INT(DAYS360($C$4,DATE(C8,6,26))/360+1) -> -21 | D10: =+INT(DAYS360($C$4,DATE(D8,6,26))/360+1) -> -20 | E10: =+INT(DAYS360($C$4,DATE(E8,6,26))/360+1) -> -19 | F10: =+INT(DAYS360($C$4,DATE(F8,6,26))/360+1) -> -18 | G10: =+INT(DAYS360($C$4,DATE(G8,6,26))/360+1) -> -17 | H10: =+INT(DAYS360($C$4,DATE(H8,6,26))/360+1) -> -16 | I10: =+INT(DAYS360($C$4,DATE(I8,6,26))/360+1) -> -15 | J10: =+INT(DAYS360($C$4,DATE(J8,6,26))/360+1) -> -14 | ... AF10: =+INT(DAYS360($C$4,DATE(AF8,6,26))/360+1) -> 8
B11: CUMULATIVE NO. OF MONTHS AFTER APPROVAL | C11: =+IF(ROUND((DATE(C8,6,26)-$C$4)/365*12,0)<0,0,ROUND((DATE(C8,6,26)-$C$4)/365*12,0)) -> 0 | D11: =+IF(ROUND((DATE(D8,6,26)-$C$4)/365*12,0)<0,0,ROUND((DATE(D8,6,26)-$C$4)/365*12,0)) -> 0 | E11: =+IF(ROUND((DATE(E8,6,26)-$C$4)/365*12,0)<0,0,ROUND((DATE(E8,6,26)-$C$4)/365*12,0)) -> 0 | F11: =+IF(ROUND((DATE(F8,6,26)-$C$4)/365*12,0)<0,0,ROUND((DATE(F8,6,26)-$C$4)/365*12,0)) -> 0 | G11: =+IF(ROUND((DATE(G8,6,26)-$C$4)/365*12,0)<0,0,ROUND((DATE(G8,6,26)-$C$4)/365*12,0)) -> 0 | H11: =+IF(ROUND((DATE(H8,6,26)-$C$4)/365*12,0)<0,0,ROUND((DATE(H8,6,26)-$C$4)/365*12,0)) -> 0 | I11: =+IF(ROUND((DATE(I8,6,26)-$C$4)/365*12,0)<0,0,ROUND((DATE(I8,6,26)-$C$4)/365*12,0)) -> 0 | J11: =+IF(ROUND((DATE(J8,6,26)-$C$4)/365*12,0)<0,0,ROUND((DATE(J8,6,26)-$C$4)/365*12,0)) -> 0 | ... AF11: =+IF(ROUND((DATE(AF8,6,26)-$C$4)/365*12,0)<0,0,ROUND((DATE(AF8,6,26)-$C$4)/365*12,0)) -> 87
B12: PERCENTAGE OF CASHFLOW (CUMULATIVE) | C12: =+IF(C11<0,0,OFFSET($D$20,C11,0)) -> 0 | D12: =+IF(D11<0,0,OFFSET($D$20,D11,0)) -> 0 | E12: =+IF(E11<0,0,OFFSET($D$20,E11,0)) -> 0 | F12: =+IF(F11<0,0,OFFSET($D$20,F11,0)) -> 0 | G12: =+IF(G11<0,0,OFFSET($D$20,G11,0)) -> 0 | H12: =+IF(H11<0,0,OFFSET($D$20,H11,0)) -> 0 | I12: =+IF(I11<0,0,OFFSET($D$20,I11,0)) -> 0 | J12: =+IF(J11<0,0,OFFSET($D$20,J11,0)) -> 0 | ... AF12: =+IF(AF11<0,0,OFFSET($D$20,AF11,0)) -> 100
B13: PERCENTAGE OF CASHFLOW | C13: =+C12 -> 0 | D13: =+D12-C12 -> 0 | E13: =+E12-D12 -> 0 | F13: =+F12-E12 -> 0 | G13: =+G12-F12 -> 0 | H13: =+H12-G12 -> 0 | I13: =+I12-H12 -> 0 | J13: =+J12-I12 -> 0 | K13: =+K12-J12 -> 0 | ... AF13: =+AF12-AE12 -> 0
B14: CASH FLOW (CUMULATIVE) | C14: =+$C$6*C12/100 -> 0 | D14: =+$C$6*D12/100 -> 0 | E14: =+$C$6*E12/100 -> 0 | F14: =+$C$6*F12/100 -> 0 | G14: =+$C$6*G12/100 -> 0 | H14: =+$C$6*H12/100 -> 0 | I14: =+$C$6*I12/100 -> 0 | J14: =+$C$6*J12/100 -> 0 | ... AF14: =+$C$6*AF12/100 -> 100
B15: CASHFLOW | C15: =+$C$6*C13/100 -> 0 | D15: =+$C$6*D13/100 -> 0 | E15: =+$C$6*E13/100 -> 0 | F15: =+$C$6*F13/100 -> 0 | G15: =+$C$6*G13/100 -> 0 | H15: =+$C$6*H13/100 -> 0 | I15: =+$C$6*I13/100 -> 0 | J15: =+$C$6*J13/100 -> 0 | ... AF15: =+$C$6*AF13/100 -> 0
B19: Month after sanction | C19: Percentage of project duration | D19: % Cashflow (cumulative) | E19: % Cashflow | F19: Cashflow per month | G19: Cumulative monthly Cashflow
A20: =C4 -> 44652 | B20: 0 | C20: =+B20/$C$5*100 -> 0 | D20: =IF(C20<=0,0,IF((Coefficients!$C$2+Coefficients!$C$4*C20+Coefficients!$C$6*C20^2+Coefficients!$C$8*C20^3+Coefficients!$C$10*C20^4)/(1+Coefficients!$C$3*C20+Coefficients!$C$5*C20^2+Coefficients!$C$7*C20^3+Coefficients!$C$9*C20^4+Coefficients!$C$11*C20^5)>=100,100,(Coefficients!$C$2+Coefficients!$C$4*C20+Coefficients!$C$6*C20^2+Coefficients!$C$8*C20^3+Coefficients!$C$10*C20^4)/(1+Coefficients!$C$3*C20+Coefficients!$C$5*C20^2+Coefficients!$C$7*C20^3+Coefficients!$C$9*C20^4+Coefficients!$C$11*C20^5))) -> 0 | E20: =+D20 -> 0 | F20: =$C$6*(E20/100) -> 0 | G20: =F20 -> 0
A21: =A20+((B21-B20)*365.25/12) -> 44682.438 | B21: =+IF(B20+1>=$C$5*1.2,$C$5*1.2,B20+1) -> 1 | C21: =+B21/$C$5*100 -> 2.2714552 | D21: =IF(C21<=0,0,IF((Coefficients!$C$2+Coefficients!$C$4*C21+Coefficients!$C$6*C21^2+Coefficients!$C$8*C21^3+Coefficients!$C$10*C21^4)/(1+Coefficients!$C$3*C21+Coefficients!$C$5*C21^2+Coefficients!$C$7*C21^3+Coefficients!$C$9*C21^4+Coefficients!$C$11*C21^5)>=100,100,(Coefficients!$C$2+Coefficients!$C$4*C21+Coefficients!$C$6*C21^2+Coefficients!$C$8*C21^3+Coefficients!$C$10*C21^4)/(1+Coefficients!$C$3*C21+Coefficients!$C$5*C21^2+Coefficients!$C$7*C21^3+Coefficients!$C$9*C21^4+Coefficients!$C$11*C21^5))) -> 0.84526328 | E21: =+D21-D20 -> 0.84526328 | F21: =$C$6*(E21/100) -> 0.84526328 | G21: =IF(D20=100,G20,G20+F21) -> 0.84526328
A22: =A21+((B22-B21)*365.25/12) -> 44712.875 | B22: =+IF(B21+1>=$C$5*1.2,$C$5*1.2,B21+1) -> 2 | C22: =+B22/$C$5*100 -> 4.5429104 | D22: =IF(C22<=0,0,IF((Coefficients!$C$2+Coefficients!$C$4*C22+Coefficients!$C$6*C22^2+Coefficients!$C$8*C22^3+Coefficients!$C$10*C22^4)/(1+Coefficients!$C$3*C22+Coefficients!$C$5*C22^2+Coefficients!$C$7*C22^3+Coefficients!$C$9*C22^4+Coefficients!$C$11*C22^5)>=100,100,(Coefficients!$C$2+Coefficients!$C$4*C22+Coefficients!$C$6*C22^2+Coefficients!$C$8*C22^3+Coefficients!$C$10*C22^4)/(1+Coefficients!$C$3*C22+Coefficients!$C$5*C22^2+Coefficients!$C$7*C22^3+Coefficients!$C$9*C22^4+Coefficients!$C$11*C22^5))) -> 0.9985515 | E22: =+D22-D21 -> 0.15328822 | F22: =$C$6*(E22/100) -> 0.15328822 | G22: =IF(D21=100,G21,G21+F22) -> 0.9985515
A23: =A22+((B23-B22)*365.25/12) -> 44743.312 | B23: =+IF(B22+1>=$C$5*1.2,$C$5*1.2,B22+1) -> 3 | C23: =+B23/$C$5*100 -> 6.8143657 | D23: =IF(C23<=0,0,IF((Coefficients!$C$2+Coefficients!$C$4*C23+Coefficients!$C$6*C23^2+Coefficients!$C$8*C23^3+Coefficients!$C$10*C23^4)/(1+Coefficients!$C$3*C23+Coefficients!$C$5*C23^2+Coefficients!$C$7*C23^3+Coefficients!$C$9*C23^4+Coefficients!$C$11*C23^5)>=100,100,(Coefficients!$C$2+Coefficients!$C$4*C23+Coefficients!$C$6*C23^2+Coefficients!$C$8*C23^3+Coefficients!$C$10*C23^4)/(1+Coefficients!$C$3*C23+Coefficients!$C$5*C23^2+Coefficients!$C$7*C23^3+Coefficients!$C$9*C23^4+Coefficients!$C$11*C23^5))) -> 1.1683556 | E23: =+D23-D22 -> 0.16980405 | F23: =$C$6*(E23/100) -> 0.16980405 | G23: =IF(D22=100,G22,G22+F23) -> 1.1683556
A24: =A23+((B24-B23)*365.25/12) -> 44773.75 | B24: =+IF(B23+1>=$C$5*1.2,$C$5*1.2,B23+1) -> 4 | C24: =+B24/$C$5*100 -> 9.0858209 | D24: =IF(C24<=0,0,IF((Coefficients!$C$2+Coefficients!$C$4*C24+Coefficients!$C$6*C24^2+Coefficients!$C$8*C24^3+Coefficients!$C$10*C24^4)/(1+Coefficients!$C$3*C24+Coefficients!$C$5*C24^2+Coefficients!$C$7*C24^3+Coefficients!$C$9*C24^4+Coefficients!$C$11*C24^5)>=100,100,(Coefficients!$C$2+Coefficients!$C$4*C24+Coefficients!$C$6*C24^2+Coefficients!$C$8*C24^3+Coefficients!$C$10*C24^4)/(1+Coefficients!$C$3*C24+Coefficients!$C$5*C24^2+Coefficients!$C$7*C24^3+Coefficients!$C$9*C24^4+Coefficients!$C$11*C24^5))) -> 1.3559753 | E24: =+D24-D23 -> 0.18761974 | F24: =$C$6*(E24/100) -> 0.18761974 | G24: =IF(D23=100,G23,G23+F24) -> 1.3559753
A25: =A24+((B25-B24)*365.25/12) -> 44804.188 | B25: =+IF(B24+1>=$C$5*1.2,$C$5*1.2,B24+1) -> 5 | C25: =+B25/$C$5*100 -> 11.357276 | D25: =IF(C25<=0,0,IF((Coefficients!$C$2+Coefficients!$C$4*C25+Coefficients!$C$6*C25^2+Coefficients!$C$8*C25^3+Coefficients!$C$10*C25^4)/(1+Coefficients!$C$3*C25+Coefficients!$C$5*C25^2+Coefficients!$C$7*C25^3+Coefficients!$C$9*C25^4+Coefficients!$C$11*C25^5)>=100,100,(Coefficients!$C$2+Coefficients!$C$4*C25+Coefficients!$C$6*C25^2+Coefficients!$C$8*C25^3+Coefficients!$C$10*C25^4)/(1+Coefficients!$C$3*C25+Coefficients!$C$5*C25^2+Coefficients!$C$7*C25^3+Coefficients!$C$9*C25^4+Coefficients!$C$11*C25^5))) -> 1.5626878 | E25: =+D25-D24 -> 0.20671248 | F25: =$C$6*(E25/100) -> 0.20671248 | G25: =IF(D24=100,G24,G24+F25) -> 1.5626878
A26: =A25+((B26-B25)*365.25/12) -> 44834.625 | B26: =+IF(B25+1>=$C$5*1.2,$C$5*1.2,B25+1) -> 6 | C26: =+B26/$C$5*100 -> 13.628731 | D26: =IF(C26<=0,0,IF((Coefficients!$C$2+Coefficients!$C$4*C26+Coefficients!$C$6*C26^2+Coefficients!$C$8*C26^3+Coefficients!$C$10*C26^4)/(1+Coefficients!$C$3*C26+Coefficients!$C$5*C26^2+Coefficients!$C$7*C26^3+Coefficients!$C$9*C26^4+Coefficients!$C$11*C26^5)>=100,100,(Coefficients!$C$2+Coefficients!$C$4*C26+Coefficients!$C$6*C26^2+Coefficients!$C$8*C26^3+Coefficients!$C$10*C26^4)/(1+Coefficients!$C$3*C26+Coefficients!$C$5*C26^2+Coefficients!$C$7*C26^3+Coefficients!$C$9*C26^4+Coefficients!$C$11*C26^5))) -> 1.7896992 | E26: =+D26-D25 -> 0.22701141 | F26: =$C$6*(E26/100) -> 0.22701141 | G26: =IF(D25=100,G25,G25+F26) -> 1.7896992
A27: =A26+((B27-B26)*365.25/12) -> 44865.062 | B27: =+IF(B26+1>=$C$5*1.2,$C$5*1.2,B26+1) -> 7 | C27: =+B27/$C$5*100 -> 15.900187 | D27: =IF(C27<=0,0,IF((Coefficients!$C$2+Coefficients!$C$4*C27+Coefficients!$C$6*C27^2+Coefficients!$C$8*C27^3+Coefficients!$C$10*C27^4)/(1+Coefficients!$C$3*C27+Coefficients!$C$5*C27^2+Coefficients!$C$7*C27^3+Coefficients!$C$9*C27^4+Coefficients!$C$11*C27^5)>=100,100,(Coefficients!$C$2+Coefficients!$C$4*C27+Coefficients!$C$6*C27^2+Coefficients!$C$8*C27^3+Coefficients!$C$10*C27^4)/(1+Coefficients!$C$3*C27+Coefficients!$C$5*C27^2+Coefficients!$C$7*C27^3+Coefficients!$C$9*C27^4+Coefficients!$C$11*C27^5))) -> 2.038088 | E27: =+D27-D26 -> 0.24838877 | F27: =$C$6*(E27/100) -> 0.24838877 | G27: =IF(D26=100,G26,G26+F27) -> 2.038088
A28: =A27+((B28-B27)*365.25/12) -> 44895.5 | B28: =+IF(B27+1>=$C$5*1.2,$C$5*1.2,B27+1) -> 8 | C28: =+B28/$C$5*100 -> 18.171642 | D28: =IF(C28<=0,0,IF((Coefficients!$C$2+Coefficients!$C$4*C28+Coefficients!$C$6*C28^2+Coefficients!$C$8*C28^3+Coefficients!$C$10*C28^4)/(1+Coefficients!$C$3*C28+Coefficients!$C$5*C28^2+Coefficients!$C$7*C28^3+Coefficients!$C$9*C28^4+Coefficients!$C$11*C28^5)>=100,100,(Coefficients!$C$2+Coefficients!$C$4*C28+Coefficients!$C$6*C28^2+Coefficients!$C$8*C28^3+Coefficients!$C$10*C28^4)/(1+Coefficients!$C$3*C28+Coefficients!$C$5*C28^2+Coefficients!$C$7*C28^3+Coefficients!$C$9*C28^4+Coefficients!$C$11*C28^5))) -> 2.3087492 | E28: =+D28-D27 -> 0.27066124 | F28: =$C$6*(E28/100) -> 0.27066124 | G28: =IF(D27=100,G27,G27+F28) -> 2.3087492
A29: =A28+((B29-B28)*365.25/12) -> 44925.938 | B29: =+IF(B28+1>=$C$5*1.2,$C$5*1.2,B28+1) -> 9 | C29: =+B29/$C$5*100 -> 20.443097 | D29: =IF(C29<=0,0,IF((Coefficients!$C$2+Coefficients!$C$4*C29+Coefficients!$C$6*C29^2+Coefficients!$C$8*C29^3+Coefficients!$C$10*C29^4)/(1+Coefficients!$C$3*C29+Coefficients!$C$5*C29^2+Coefficients!$C$7*C29^3+Coefficients!$C$9*C29^4+Coefficients!$C$11*C29^5)>=100,100,(Coefficients!$C$2+Coefficients!$C$4*C29+Coefficients!$C$6*C29^2+Coefficients!$C$8*C29^3+Coefficients!$C$10*C29^4)/(1+Coefficients!$C$3*C29+Coefficients!$C$5*C29^2+Coefficients!$C$7*C29^3+Coefficients!$C$9*C29^4+Coefficients!$C$11*C29^5))) -> 2.6023684 | E29: =+D29-D28 -> 0.29361921 | F29: =$C$6*(E29/100) -> 0.29361921 | G29: =IF(D28=100,G28,G28+F29) -> 2.6023684
A30: =A29+((B30-B29)*365.25/12) -> 44956.375 | B30: =+IF(B29+1>=$C$5*1.2,$C$5*1.2,B29+1) -> 10 | C30: =+B30/$C$5*100 -> 22.714552 | D30: =IF(C30<=0,0,IF((Coefficients!$C$2+Coefficients!$C$4*C30+Coefficients!$C$6*C30^2+Coefficients!$C$8*C30^3+Coefficients!$C$10*C30^4)/(1+Coefficients!$C$3*C30+Coefficients!$C$5*C30^2+Coefficients!$C$7*C30^3+Coefficients!$C$9*C30^4+Coefficients!$C$11*C30^5)>=100,100,(Coefficients!$C$2+Coefficients!$C$4*C30+Coefficients!$C$6*C30^2+Coefficients!$C$8*C30^3+Coefficients!$C$10*C30^4)/(1+Coefficients!$C$3*C30+Coefficients!$C$5*C30^2+Coefficients!$C$7*C30^3+Coefficients!$C$9*C30^4+Coefficients!$C$11*C30^5))) -> 2.9194912 | E30: =+D30-D29 -> 0.31712276 | F30: =$C$6*(E30/100) -> 0.31712276 | G30: =IF(D29=100,G29,G29+F30) -> 2.9194912
A31: =A30+((B31-B30)*365.25/12) -> 44986.812 | B31: =+IF(B30+1>=$C$5*1.2,$C$5*1.2,B30+1) -> 11 | C31: =+B31/$C$5*100 -> 24.986007 | D31: =IF(C31<=0,0,IF((Coefficients!$C$2+Coefficients!$C$4*C31+Coefficients!$C$6*C31^2+Coefficients!$C$8*C31^3+Coefficients!$C$10*C31^4)/(1+Coefficients!$C$3*C31+Coefficients!$C$5*C31^2+Coefficients!$C$7*C31^3+Coefficients!$C$9*C31^4+Coefficients!$C$11*C31^5)>=100,100,(Coefficients!$C$2+Coefficients!$C$4*C31+Coefficients!$C$6*C31^2+Coefficients!$C$8*C31^3+Coefficients!$C$10*C31^4)/(1+Coefficients!$C$3*C31+Coefficients!$C$5*C31^2+Coefficients!$C$7*C31^3+Coefficients!$C$9*C31^4+Coefficients!$C$11*C31^5))) -> 3.2608373 | E31: =+D31-D30 -> 0.34134614 | F31: =$C$6*(E31/100) -> 0.34134614 | G31: =IF(D30=100,G30,G30+F31) -> 3.2608373
A32: =A31+((B32-B31)*365.25/12) -> 45017.25 | B32: =+IF(B31+1>=$C$5*1.2,$C$5*1.2,B31+1) -> 12 | C32: =+B32/$C$5*100 -> 27.257463 | D32: =IF(C32<=0,0,IF((Coefficients!$C$2+Coefficients!$C$4*C32+Coefficients!$C$6*C32^2+Coefficients!$C$8*C32^3+Coefficients!$C$10*C32^4)/(1+Coefficients!$C$3*C32+Coefficients!$C$5*C32^2+Coefficients!$C$7*C32^3+Coefficients!$C$9*C32^4+Coefficients!$C$11*C32^5)>=100,100,(Coefficients!$C$2+Coefficients!$C$4*C32+Coefficients!$C$6*C32^2+Coefficients!$C$8*C32^3+Coefficients!$C$10*C32^4)/(1+Coefficients!$C$3*C32+Coefficients!$C$5*C32^2+Coefficients!$C$7*C32^3+Coefficients!$C$9*C32^4+Coefficients!$C$11*C32^5))) -> 3.6281766 | E32: =+D32-D31 -> 0.36733932 | F32: =$C$6*(E32/100) -> 0.36733932 | G32: =IF(D31=100,G31,G31+F32) -> 3.6281766
... A325: =A324+((B325-B324)*365.25/12) -> 46260 | B325: =+IF(B324+1>=$C$5*1.2,$C$5*1.2,B324+1) -> 52.829569 | C325: =+B325/$C$5*100 -> 120 | D325: =IF(C325<=0,0,IF((Coefficients!$C$2+Coefficients!$C$4*C325+Coefficients!$C$6*C325^2+Coefficients!$C$8*C325^3+Coefficients!$C$10*C325^4)/(1+Coefficients!$C$3*C325+Coefficients!$C$5*C325^2+Coefficients!$C$7*C325^3+Coefficients!$C$9*C325^4+Coefficients!$C$11*C325^5)>=100,100,(Coefficients!$C$2+Coefficients!$C$4*C325+Coefficients!$C$6*C325^2+Coefficients!$C$8*C325^3+Coefficients!$C$10*C325^4)/(1+Coefficients!$C$3*C325+Coefficients!$C$5*C325^2+Coefficients!$C$7*C325^3+Coefficients!$C$9*C325^4+Coefficients!$C$11*C325^5))) -> 100 | E325: =+D325-D324 -> 0 | F325: =$C$6*(E325/100) -> 0 | G325: =IF(D324=100,G324,G324+F325) -> 100

Sheet Coefficients
B1: Equation | C1: y=(a+cx+ex2+gx3+ix4)/(1+bx+dx2+fx3+hx4+jx5)
B2: A | C2: 0.70720501
B3: B | C3: -0.066736363
B4: C | C4: 0.010415626
B5: D | C5: 0.0017401888
B6: E | C6: -0.0012594206
B7: F | C7: -2.1963878e-05
B8: G | C8: 1.1667009e-05
B9: H | C9: 1.3512011e-07
B10: I | C10: 1.2164667e-07
B11: J | C11: -3.1440683e-10

Sheet REAL DATA vs ACTUAL DATA
B1: % PROJECT DURATION | C1: PERCENT CASHFLOW (CUM) - CALCULATED VALUES | D1: PERCENT CASHFLOW (CUM) - REAL VALUES | E1: New Cashflow
B3: 0 | C3: 0 | D3: 0 | E3: 0 | H3: =C3 -> 0
B4: 10 | C4: 1.4368039 | D4: 1.5 | E4: 1.2413816 | H4: =C4-C3 -> 1.4368039
B5: 15 | C5: 1.9370314 | D5: 2 | E5: 1.9871718 | H5: =C5-C4 -> 0.50022751
B6: 20 | C6: 2.5432628 | D6: 2.5 | E6: 2.9868066 | H6: =C6-C5 -> 0.60623141
B7: 25 | C7: 3.2630178 | D7: 3 | E7: 4.2866878 | H7: =C7-C6 -> 0.71975496
B8: 30 | C8: 4.1138087 | D8: 4.1 | E8: 6.5436162 | H8: =C8-C7 -> 0.85079093
B9: 35 | C9: 5.2268025 | D9: 5 | E9: 14.244538 | H9: =C9-C8 -> 1.1129938
B10: 40 | C10: 7.2955776 | D10: 8 | E10: 28.245515 | H10: =C10-C9 -> 2.0687751
B11: 45 | C11: 12.221178 | D11: 13 | E11: 42.26082 | H11: =C11-C10 -> 4.9256007
B12: 50 | C12: 20.676336 | D12: 21 | E12: 57.261491 | H12: =C12-C11 -> 8.4551574
B13: 55 | C13: 29.926455 | D13: 30 | E13: 72.66312 | H13: =C13-C12 -> 9.2501189
B14: 60 | C14: 38.950256 | D14: 39 | E14: 85.775076 | H14: =C14-C13 -> 9.0238012
B15: 65 | C15: 48.312158 | D15: 48 | E15: 94.328908 | H15: =C15-C14 -> 9.3619018
... B26: 120 | C26: 100 | D26: 100 | E26: 100 | H26: =C26-C25 -> 0.43306647

Sheet Sheet1
A1: 12600000 | B1: 4000
A2: =B1/A1 -> 0.00031746032
